{
  "groups": [
    {
      "groupId": 0,
      "groupUid": "custom_filters",
      "groupName": "Custom Filters",
      "displayNumber": 10
    },
    {
      "groupId": 1,
      "groupUid": "ad_blocking",
      "groupName": "Ad Blocking",
      "displayNumber": 1
    },
    {
      "groupId": 2,
      "groupUid": "privacy",
      "groupName": "Privacy",
      "displayNumber": 2
    },
    {
      "groupId": 3,
      "groupUid": "security",
      "groupName": "Security",
      "displayNumber": 3
    },
    {
      "groupId": 4,
      "groupUid": "language_specific",
      "groupName": "Language-specific",
      "displayNumber": 4
    }
  ],
  "filters": [
    {
      "filterId": 1,
      "filterUid": "ultimate_ad_filter",
      "name": "Ultimate Ad Filter",
      "description": "This is the best performing all-in-one ad filter out there, which blocks ads across the entire web. It's based on the EasyList filter and further enhanced by our team.",
      "timeAdded": "2020-03-04T00:01:28+00:00",
      "homepage": "https://support.adblockultimate.net/en/articles/3309096-adblocker-ultimate-ad-filters",
      "expires": 172800,
      "displayNumber": 1,
      "groupId": 1,
      "subscriptionUrl": "https://filters.adavoid.org/ultimate-ad-filter.txt",
      "version": "2.0.90.2219",
      "timeUpdated": "2024-02-06T09:02:51+00:00",
      "languages": [
        "en"
      ],
      "checksum": "bed1d049dfbd1c4e6b1912b6793ef09e"
    },
    {
      "filterId": 2,
      "filterUid": "anti_circumvention",
      "name": "Anti-circumvention",
      "description": "Filter list designed to fight circumvention ads.",
      "timeAdded": "2020-03-04T00:01:28+00:00",
      "homepage": "https://easylist.to",
      "expires": 172800,
      "displayNumber": 2,
      "groupId": 1,
      "subscriptionUrl": "https://filters.adavoid.org/filters/Anticircumvention.txt",
      "version": "2.0.55.1457",
      "timeUpdated": "2023-12-07T15:00:26+00:00",
      "languages": [],
      "checksum": "68b3d9521f8f5db6a398126dafd07992"
    },
    {
      "filterId": 3,
      "filterUid": "fanboys_annoyance_list",
      "name": "Fanboy's Annoyance List",
      "description": "Blocks all irritating in-page popups, cookie notices and third-party widgets, which substantially decrease page loading times use this filter and it will block all of them for you.",
      "timeAdded": "2020-03-04T00:01:28+00:00",
      "homepage": "https://www.fanboy.co.nz",
      "expires": 172800,
      "displayNumber": 3,
      "groupId": 1,
      "subscriptionUrl": "https://filters.adavoid.org/filters/FanboysAnnoyanceList.txt",
      "version": "2.0.43.2045",
      "timeUpdated": "2024-02-06T09:02:51+00:00",
      "languages": [],
      "checksum": "11661837c6930757b51e05c5be6fa0a0"
    },
    {
      "filterId": 4,
      "filterUid": "ultimate_privacy_filter",
      "name": "Ultimate Privacy Filter",
      "description": "Blocks an extensive list of various online trackers, counters and web analytics tools. Based on the EasyList Privacy list and upgraded by our team.",
      "timeAdded": "2020-03-04T00:01:28+00:00",
      "homepage": "https://support.adblockultimate.net/en/articles/3309096-adblocker-ultimate-ad-filters",
      "expires": 172800,
      "displayNumber": 4,
      "groupId": 2,
      "subscriptionUrl": "https://filters.adavoid.org/ultimate-privacy-filter.txt",
      "version": "2.0.11.2261",
      "timeUpdated": "2024-02-06T09:02:51+00:00",
      "languages": [],
      "checksum": "2cb43fb2e6ee28bd536fc9cd4dbf8929"
    },
    {
      "filterId": 5,
      "filterUid": "fanboys_social_blocking_list",
      "name": "Fanboy's Social Blocking List",
      "description": "Removes social media integration",
      "timeAdded": "2020-03-04T00:01:28+00:00",
      "homepage": "https://easylist.to",
      "expires": 172800,
      "displayNumber": 5,
      "groupId": 2,
      "subscriptionUrl": "https://filters.adavoid.org/filters/FanboysSocialBlockingList.txt",
      "version": "2.0.11.2170",
      "timeUpdated": "2024-02-06T09:02:52+00:00",
      "languages": [],
      "checksum": "46112201721336a709582cf587fe6f2f"
    },
    {
      "filterId": 6,
      "filterUid": "ultimate_security_filter",
      "name": "Ultimate Security Filter",
      "description": "This filter blocks malicious domains. Based on Online Malicious URL Blocklist filter and further updated and modified by our team.",
      "timeAdded": "2020-03-04T00:01:28+00:00",
      "homepage": "https://easylist.to",
      "expires": 172800,
      "displayNumber": 6,
      "groupId": 3,
      "subscriptionUrl": "https://filters.adavoid.org/ultimate-security-filter.txt",
      "version": "2.0.1.1751",
      "timeUpdated": "2024-02-06T09:02:52+00:00",
      "languages": [],
      "checksum": "80b099e2985cd62ffbb463d7cecc5876"
    },
    {
      "filterId": 8,
      "filterUid": "nocoin",
      "name": "NoCoin",
      "description": "Stops cryptomining in your browser.",
      "timeAdded": "2020-03-04T00:01:28+00:00",
      "homepage": "https://github.com/hoshsadiq/adblock-nocoin-list",
      "expires": 172800,
      "displayNumber": 8,
      "groupId": 3,
      "subscriptionUrl": "https://filters.adavoid.org/filters/NoCoin.txt",
      "version": "1.0.1.952",
      "timeUpdated": "2024-02-06T09:02:52+00:00",
      "languages": [],
      "checksum": "fd1a15d13288f6fbb3e227d2d965f297"
    },
    {
      "filterId": 9,
      "filterUid": "ruadlist_easylist",
      "name": "RuAdList",
      "description": "Removes ads from Russian websites.",
      "timeAdded": "2020-03-04T00:01:28+00:00",
      "homepage": "https://easylist.to",
      "expires": 172800,
      "displayNumber": 9,
      "groupId": 4,
      "subscriptionUrl": "https://filters.adavoid.org/filters/Russianfilter.txt",
      "version": "1.0.1.2282",
      "timeUpdated": "2024-02-06T09:02:52+00:00",
      "languages": [
        "ru"
      ],
      "checksum": "283392e00b5551bcf0ce15db3c11cc06"
    },
    {
      "filterId": 10,
      "filterUid": "easylist_germany_easylist",
      "name": "EasyList Germany",
      "description": "Removes ads from German websites.",
      "timeAdded": "2020-03-04T00:01:28+00:00",
      "homepage": "https://easylist.to",
      "expires": 172800,
      "displayNumber": 10,
      "groupId": 4,
      "subscriptionUrl": "https://filters.adavoid.org/filters/Germanfilter.txt",
      "version": "1.0.1.2283",
      "timeUpdated": "2024-02-06T09:02:52+00:00",
      "languages": [
        "de"
      ],
      "checksum": "f8d817b807f698d43c766742f48757b8"
    },
    {
      "filterId": 11,
      "filterUid": "fanboys_japanese",
      "name": "Fanboy's Japanese",
      "description": "Removes ads from Japanese websites.",
      "timeAdded": "2020-03-04T00:01:28+00:00",
      "homepage": "https://fanboy.co.nz",
      "expires": 172800,
      "displayNumber": 11,
      "groupId": 4,
      "subscriptionUrl": "https://filters.adavoid.org/filters/Japanesefilter.txt",
      "version": "1.0.1.912",
      "timeUpdated": "2024-02-06T09:02:52+00:00",
      "languages": [
        "ja"
      ],
      "checksum": "452ff59f8e16bb654ee95103216d4624"
    },
    {
      "filterId": 12,
      "filterUid": "easylist_dutch_easylist",
      "name": "EasyList Dutch",
      "description": "Removes ads from Dutch websites.",
      "timeAdded": "2020-03-04T00:01:28+00:00",
      "homepage": "https://easylist.to",
      "expires": 172800,
      "displayNumber": 12,
      "groupId": 4,
      "subscriptionUrl": "https://filters.adavoid.org/filters/Dutchfilter.txt",
      "version": "1.0.1.2281",
      "timeUpdated": "2024-02-06T09:02:52+00:00",
      "languages": [
        "nl"
      ],
      "checksum": "e13c009facfce65a9bbace2fc41ac29f"
    },
    {
      "filterId": 13,
      "filterUid": "easylist_spanish",
      "name": "EasyList Spanish",
      "description": "Removes ads from Spanish/Portuguese websites.",
      "timeAdded": "2023-04-24T00:00:00+00:00",
      "homepage": "https://easylist.to",
      "expires": 172800,
      "displayNumber": 13,
      "groupId": 4,
      "subscriptionUrl": "https://filters.adavoid.org/filters/EasyListSpanish.txt",
      "version": "1.0.1.1196",
      "timeUpdated": "2024-02-06T09:02:52+00:00",
      "languages": [
        "es"
      ],
      "checksum": "432452899e6d74f4abdc4b4a5074595c"
    },
    {
      "filterId": 14,
      "filterUid": "fanboys_turkish",
      "name": "Fanboy's Turkish",
      "description": "Removes ads from Turkish websites.",
      "timeAdded": "2020-03-04T00:01:28+00:00",
      "homepage": "https://fanboy.co.nz",
      "expires": 172800,
      "displayNumber": 14,
      "groupId": 4,
      "subscriptionUrl": "https://filters.adavoid.org/filters/Turkishfilter.txt",
      "version": "1.0.1.1197",
      "timeUpdated": "2024-02-06T09:02:52+00:00",
      "languages": [
        "tr"
      ],
      "checksum": "8c8a736a729d11d7e59b09fbd88683e7"
    },
    {
      "filterId": 15,
      "filterUid": "bulgarian_list",
      "name": "Bulgarian list",
      "description": "Removes ads from Bulgarian websites.",
      "timeAdded": "2020-03-04T00:01:28+00:00",
      "homepage": "https://stanev.org/abp",
      "expires": 172800,
      "displayNumber": 15,
      "groupId": 4,
      "subscriptionUrl": "https://filters.adavoid.org/filters/Bulgarianlist.txt",
      "version": "1.0.1.927",
      "timeUpdated": "2024-02-06T09:02:52+00:00",
      "languages": [
        "bg"
      ],
      "checksum": "d70ef268a5f3c167f61f557cb5d15e34"
    },
    {
      "filterId": 16,
      "filterUid": "easylist_china",
      "name": "EasyList China",
      "description": "Removes ads from Chinese websites.",
      "timeAdded": "2020-03-04T00:01:28+00:00",
      "homepage": "http://abpchina.org/forum/forum.php",
      "expires": 172800,
      "displayNumber": 16,
      "groupId": 4,
      "subscriptionUrl": "https://filters.adavoid.org/filters/EasyListChina.txt",
      "version": "1.0.1.2283",
      "timeUpdated": "2024-02-06T09:02:53+00:00",
      "languages": [
        "zh"
      ],
      "checksum": "a6fc50ee0c120af78f5a5898b4c54283"
    },
    {
      "filterId": 17,
      "filterUid": "easylist_czech_and_slovak",
      "name": "EasyList Czech and Slovak",
      "description": "Removes ads from Czechs and Slovak websites.",
      "timeAdded": "2020-03-04T00:01:28+00:00",
      "homepage": "https://adblock.sk",
      "expires": 172800,
      "displayNumber": 17,
      "groupId": 4,
      "subscriptionUrl": "https://filters.adavoid.org/filters/EasyListCzechandSlovak.txt",
      "version": "1.0.1.978",
      "timeUpdated": "2024-02-06T09:02:53+00:00",
      "languages": [
        "sk"
      ],
      "checksum": "f152ec4dd8cf019e695c43b22ccb9a2e"
    },
    {
      "filterId": 18,
      "filterUid": "easylist_italy",
      "name": "EasyList Italy",
      "description": "Removes ads from Italian websites.",
      "timeAdded": "2020-03-04T00:01:28+00:00",
      "homepage": "https://easylist.to",
      "expires": 172800,
      "displayNumber": 18,
      "groupId": 4,
      "subscriptionUrl": "https://filters.adavoid.org/filters/EasyListItaly.txt",
      "version": "1.0.1.2280",
      "timeUpdated": "2024-02-06T09:02:53+00:00",
      "languages": [
        "it"
      ],
      "checksum": "f8725a4a68e4858e976a5d4f205dc7db"
    },
    {
      "filterId": 19,
      "filterUid": "latvian_list",
      "name": "Latvian List",
      "description": "Removes ads from Latvian websites.",
      "timeAdded": "2020-03-04T00:01:28+00:00",
      "homepage": "https://notabug.org/latvian-list/adblock-latvian",
      "expires": 172800,
      "displayNumber": 19,
      "groupId": 4,
      "subscriptionUrl": "https://filters.adavoid.org/filters/LatvianList.txt",
      "version": "1.0.1.920",
      "timeUpdated": "2024-02-06T09:02:53+00:00",
      "languages": [
        "lv"
      ],
      "checksum": "0fdd39280eb7edec16f81e3c0f4eeb71"
    },
    {
      "filterId": 20,
      "filterUid": "easylist_polish",
      "name": "Easylist Polish",
      "description": "Removes ads from Polish websites.",
      "timeAdded": "2023-04-24T00:00:00+00:00",
      "homepage": "https://easylist.to",
      "expires": 172800,
      "displayNumber": 20,
      "groupId": 4,
      "subscriptionUrl": "https://filters.adavoid.org/filters/EasylistPolish.txt",
      "version": "1.0.1.1193",
      "timeUpdated": "2024-02-06T09:02:53+00:00",
      "languages": [
        "pl"
      ],
      "checksum": "d666fb59e7e92cd852a59b8b56d49212"
    },
    {
      "filterId": 21,
      "filterUid": "estonian_list",
      "name": "Estonian List",
      "description": "Removes ads from Estonian websites.",
      "timeAdded": "2020-03-04T00:01:28+00:00",
      "homepage": "https://adblock.ee",
      "expires": 172800,
      "displayNumber": 21,
      "groupId": 4,
      "subscriptionUrl": "https://filters.adavoid.org/filters/EstonianList.txt",
      "version": "1.0.1.906",
      "timeUpdated": "2024-02-06T09:02:53+00:00",
      "languages": [
        "et"
      ],
      "checksum": "7527c0d86781cb4819866e67e32bae05"
    },
    {
      "filterId": 22,
      "filterUid": "adblock_persian_list",
      "name": "Adblock-Persian list",
      "description": "Removes ads from Persian websites.",
      "timeAdded": "2020-03-04T00:01:28+00:00",
      "homepage": "",
      "expires": 172800,
      "displayNumber": 22,
      "groupId": 4,
      "subscriptionUrl": "https://filters.adavoid.org/filters/AdblockPersianlist.txt",
      "version": "1.0.1.108",
      "timeUpdated": "2023-09-17T23:30:04+00:00",
      "languages": [
        "fa"
      ],
      "checksum": "af46bf30b5bf435b9a678f57bd3388b0"
    },
    {
      "filterId": 23,
      "filterUid": "frellwits_swedish_filter",
      "name": "Frellwit's Swedish Filter",
      "description": "Removes ads from Swedish websites.",
      "timeAdded": "2023-04-24T00:00:00+00:00",
      "homepage": "https://github.com/lassekongo83/FrellwitsSwedishFilter.txt",
      "expires": 172800,
      "displayNumber": 23,
      "groupId": 4,
      "subscriptionUrl": "https://filters.adavoid.org/filters/FrellwitsSwedishFilter.txt",
      "version": "1.0.1.1005",
      "timeUpdated": "2024-02-06T09:02:53+00:00",
      "languages": [
        "sv"
      ],
      "checksum": "a1d35a8774d45b07a0b113c1c181e457"
    },
    {
      "filterId": 24,
      "filterUid": "fanboys_korean",
      "name": "Korean List",
      "description": "Removes ads from Korean websites.",
      "timeAdded": "2020-03-04T00:01:28+00:00",
      "homepage": "https://easylist.to/",
      "expires": 172800,
      "displayNumber": 24,
      "groupId": 4,
      "subscriptionUrl": "https://filters.adavoid.org/filters/FanboysKorean.txt",
      "version": "1.0.1.1125",
      "timeUpdated": "2024-02-06T09:02:53+00:00",
      "languages": [
        "ko"
      ],
      "checksum": "7b56222169e030dcfb94a599ed45ff3c"
    },
    {
      "filterId": 25,
      "filterUid": "abpvn_list",
      "name": "ABPVN List",
      "description": "Removes ads from Vietnamese websites.",
      "timeAdded": "2023-04-24T00:00:00+00:00",
      "homepage": "https://abpvn.com/",
      "expires": 172800,
      "displayNumber": 25,
      "groupId": 4,
      "subscriptionUrl": "https://filters.adavoid.org/filters/ABPVNList.txt",
      "version": "1.0.1.983",
      "timeUpdated": "2024-02-06T09:02:53+00:00",
      "languages": [
        "vi"
      ],
      "checksum": "3c37e2e1a60b041d59ec4a63d32c406d"
    },
    {
      "filterId": 26,
      "filterUid": "hufilter",
      "name": "Hufilter - The Hungarian Adblock List",
      "description": "ReRemoves ads from Hungarian websites.",
      "timeAdded": "2020-11-30T00:01:28+00:00",
      "homepage": "https://github.com/hufilter/hufilter/wiki",
      "expires": 172800,
      "displayNumber": 26,
      "groupId": 4,
      "subscriptionUrl": "https://filters.adavoid.org/filters/HungarianList.txt",
      "version": "2.0.1.956",
      "timeUpdated": "2024-02-06T09:02:53+00:00",
      "languages": [
        "hu"
      ],
      "checksum": "3685a751e97063f619909f1ece04a64d"
    },
    {
      "filterId": 27,
      "filterUid": "liste_fr",
      "name": "Liste FR",
      "description": "Removes ads from French websites.",
      "timeAdded": "2020-11-30T00:01:28+00:00",
      "homepage": "https://forums.lanik.us/viewforum.php?f=91",
      "expires": 172800,
      "displayNumber": 27,
      "groupId": 4,
      "subscriptionUrl": "https://filters.adavoid.org/filters/FrenchList.txt",
      "version": "2.0.24.1568",
      "timeUpdated": "2024-02-06T09:02:54+00:00",
      "languages": [
        "fr"
      ],
      "checksum": "9fd29c3b6a5dce7caf983ddc742061f9"
    },
    {
      "filterId": 28,
      "filterUid": "finnish_list",
      "name": "Finnish List",
      "description": "Removes ads from Finnish websites.",
      "timeAdded": "2023-04-24T00:00:00+00:00",
      "homepage": "https://github.com/finnish-easylist-addition/finnish-easylist-addition",
      "expires": 172800,
      "displayNumber": 28,
      "groupId": 4,
      "subscriptionUrl": "https://filters.adavoid.org/filters/FinnishList.txt",
      "version": "1.0.1.958",
      "timeUpdated": "2024-02-06T09:02:54+00:00",
      "languages": [
        "fi"
      ],
      "checksum": "a13798ee4d62d4665da41332cc75e857"
    },
    {
      "filterId": 29,
      "filterUid": "adblockid_list",
      "name": "AdBlockID",
      "description": "Removes ads from Indonesian and Malaysian websites.",
      "timeAdded": "2023-04-24T00:00:00+00:00",
      "homepage": "https://github.com/realodix/AdBlockID",
      "expires": 172800,
      "displayNumber": 29,
      "groupId": 4,
      "subscriptionUrl": "https://filters.adavoid.org/filters/AdBlockID.txt",
      "version": "1.0.1.963",
      "timeUpdated": "2024-02-06T09:02:54+00:00",
      "languages": [
        "id"
      ],
      "checksum": "4d946784fd8dafc03bebb9cbf4e38375"
    }
  ]
}